onset	duration	sample	trial_type	value	epoch	epoch_time_of_onset	trialinfo	sampleinfo_begsample	sampleinfo_endsample
0.0	1.3004	0	epoch	n/a	1	-0.4	n/a	1890996	1897497
0.4	0	2000	tone	4	1	0.0	598	1892996	n/a
1.3004	1.3004	6502	epoch	n/a	2	-0.4	n/a	1908521	1915022
1.7004000000000001	0	8502	tone	4	2	0.0	700	1910521	n/a
2.6008	1.3004	13004	epoch	n/a	3	-0.4	n/a	1926301	1932802
3.0008	0	15004	tone	4	3	0.0	601	1928301	n/a
3.9012000000000002	1.3004	19506	epoch	n/a	4	-0.4	n/a	1969621	1976122
4.301200000000001	0	21506	tone	4	4	0.0	601	1971621	n/a
5.2016	1.3004	26008	epoch	n/a	5	-0.4	n/a	2545536	2552037
5.6016	0	28008	tone	4	5	0.0	675	2547536	n/a
6.502	1.3004	32510	epoch	n/a	6	-0.4	n/a	2569996	2576497
6.902	0	34510	tone	4	6	0.0	808	2571996	n/a
7.8024000000000004	1.3004	39012	epoch	n/a	7	-0.4	n/a	2581431	2587932
8.2024	0	41012	tone	4	7	0.0	873	2583431	n/a
9.1028	1.3004	45514	epoch	n/a	8	-0.4	n/a	2593866	2600367
9.5028	0	47514	tone	4	8	0.0	730	2595866	n/a
10.4032	1.3004	52016	epoch	n/a	9	-0.4	n/a	3199496	3205997
10.8032	0	54016	tone	4	9	0.0	973	3201496	n/a
11.7036	1.3004	58518	epoch	n/a	10	-0.4	n/a	3272031	3278532
12.1036	0	60518	tone	4	10	0.0	890	3274031	n/a
13.004	1.3004	65020	epoch	n/a	11	-0.4	n/a	3767656	3774157
13.404	0	67020	tone	4	11	0.0	672	3769656	n/a
14.3044	1.3004	71522	epoch	n/a	12	-0.4	n/a	3835346	3841847
14.7044	0	73522	tone	4	12	0.0	718	3837346	n/a
15.604800000000001	1.3004	78024	epoch	n/a	13	-0.4	n/a	3890516	3897017
16.0048	0	80024	tone	4	13	0.0	763	3892516	n/a
16.9052	1.3004	84526	epoch	n/a	14	-0.4	n/a	4295326	4301827
17.3052	0	86526	tone	4	14	0.0	602	4297326	n/a
18.2056	1.3004	91028	epoch	n/a	15	-0.4	n/a	4369531	4376032
18.6056	0	93028	tone	4	15	0.0	690	4371531	n/a
19.506	1.3004	97530	epoch	n/a	16	-0.4	n/a	4405671	4412172
19.906	0	99530	tone	4	16	0.0	590	4407671	n/a
20.8064	1.3004	104032	epoch	n/a	17	-0.4	n/a	5422711	5429212
21.2064	0	106032	tone	4	17	0.0	705	5424711	n/a
22.1068	1.3004	110534	epoch	n/a	18	-0.4	n/a	6100371	6106872
22.5068	0	112534	tone	4	18	0.0	703	6102371	n/a
23.4072	1.3004	117036	epoch	n/a	19	-0.4	n/a	6138016	6144517
23.807199999999998	0	119036	tone	4	19	0.0	686	6140016	n/a
24.7076	1.3004	123538	epoch	n/a	20	-0.4	n/a	6149951	6156452
25.107599999999998	0	125538	tone	4	20	0.0	819	6151951	n/a
26.008	1.3004	130040	epoch	n/a	21	-0.4	n/a	6204621	6211122
26.407999999999998	0	132040	tone	4	21	0.0	588	6206621	n/a
27.3084	1.3004	136542	epoch	n/a	22	-0.4	n/a	6708676	6715177
27.708399999999997	0	138542	tone	4	22	0.0	676	6710676	n/a
28.6088	1.3004	143044	epoch	n/a	23	-0.4	n/a	6728541	6735042
29.008799999999997	0	145044	tone	4	23	0.0	799	6730541	n/a
29.9092	1.3004	149546	epoch	n/a	24	-0.4	n/a	7786731	7793232
30.309199999999997	0	151546	tone	4	24	0.0	596	7788731	n/a
31.209600000000002	1.3004	156048	epoch	n/a	25	-0.4	n/a	7799831	7806332
31.6096	0	158048	tone	4	25	0.0	695	7801831	n/a
32.51	1.3004	162550	epoch	n/a	26	-0.4	n/a	7908091	7914592
32.91	0	164550	tone	4	26	0.0	749	7910091	n/a
