name	type	units	low_cutoff	high_cutoff	notch	group	status	status_description
RAM1	SEEG	µV	0.01	200	n/a	RAM	good	n/a
RAM2	SEEG	µV	0.01	200	n/a	RAM	good	n/a
RAM3	SEEG	µV	0.01	200	n/a	RAM	good	n/a
RAM4	SEEG	µV	0.01	200	n/a	RAM	good	n/a
RAM5	SEEG	µV	0.01	200	n/a	RAM	good	n/a
RAM6	SEEG	µV	0.01	200	n/a	RAM	good	n/a
RAM7	SEEG	µV	0.01	200	n/a	RAM	good	n/a
RAM8	SEEG	µV	0.01	200	n/a	RAM	good	n/a
RTH1	SEEG	µV	0.01	200	n/a	RTH	good	n/a
RTH2	SEEG	µV	0.01	200	n/a	RTH	good	n/a
RTH3	SEEG	µV	0.01	200	n/a	RTH	good	n/a
RTH4	SEEG	µV	0.01	200	n/a	RTH	good	n/a
RTH5	SEEG	µV	0.01	200	n/a	RTH	good	n/a
RTH6	SEEG	µV	0.01	200	n/a	RTH	good	n/a
RTH7	SEEG	µV	0.01	200	n/a	RTH	good	n/a
RTH8	SEEG	µV	0.01	200	n/a	RTH	good	n/a
RHH1	SEEG	µV	0.01	200	n/a	RHH	good	n/a
RHH2	SEEG	µV	0.01	200	n/a	RHH	good	n/a
RHH3	SEEG	µV	0.01	200	n/a	RHH	good	n/a
RHH4	SEEG	µV	0.01	200	n/a	RHH	good	n/a
RHH5	SEEG	µV	0.01	200	n/a	RHH	good	n/a
RHH6	SEEG	µV	0.01	200	n/a	RHH	good	n/a
RHH7	SEEG	µV	0.01	200	n/a	RHH	good	n/a
RHH8	SEEG	µV	0.01	200	n/a	RHH	good	n/a
ROC1	SEEG	µV	0.01	200	n/a	ROC	good	n/a
ROC2	SEEG	µV	0.01	200	n/a	ROC	good	n/a
ROC3	SEEG	µV	0.01	200	n/a	ROC	good	n/a
ROC4	SEEG	µV	0.01	200	n/a	ROC	good	n/a
ROC5	SEEG	µV	0.01	200	n/a	ROC	good	n/a
ROC6	SEEG	µV	0.01	200	n/a	ROC	good	n/a
ROC7	SEEG	µV	0.01	200	n/a	ROC	good	n/a
ROC8	SEEG	µV	0.01	200	n/a	ROC	good	n/a
LAM1	SEEG	µV	0.01	200	n/a	LAM	good	n/a
LAM2	SEEG	µV	0.01	200	n/a	LAM	good	n/a
LAM3	SEEG	µV	0.01	200	n/a	LAM	good	n/a
LAM4	SEEG	µV	0.01	200	n/a	LAM	good	n/a
LAM5	SEEG	µV	0.01	200	n/a	LAM	good	n/a
LAM6	SEEG	µV	0.01	200	n/a	LAM	good	n/a
LAM7	SEEG	µV	0.01	200	n/a	LAM	good	n/a
LAM8	SEEG	µV	0.01	200	n/a	LAM	good	n/a
LTH1	SEEG	µV	0.01	200	n/a	LTH	good	n/a
LTH2	SEEG	µV	0.01	200	n/a	LTH	good	n/a
LTH3	SEEG	µV	0.01	200	n/a	LTH	good	n/a
LTH4	SEEG	µV	0.01	200	n/a	LTH	good	n/a
LTH5	SEEG	µV	0.01	200	n/a	LTH	good	n/a
LTH6	SEEG	µV	0.01	200	n/a	LTH	good	n/a
LTH7	SEEG	µV	0.01	200	n/a	LTH	good	n/a
LTH8	SEEG	µV	0.01	200	n/a	LTH	good	n/a
LHH1	SEEG	µV	0.01	200	n/a	LHH	good	n/a
LHH2	SEEG	µV	0.01	200	n/a	LHH	good	n/a
LHH3	SEEG	µV	0.01	200	n/a	LHH	good	n/a
LHH4	SEEG	µV	0.01	200	n/a	LHH	good	n/a
LHH5	SEEG	µV	0.01	200	n/a	LHH	good	n/a
LHH6	SEEG	µV	0.01	200	n/a	LHH	good	n/a
LHH7	SEEG	µV	0.01	200	n/a	LHH	good	n/a
LHH8	SEEG	µV	0.01	200	n/a	LHH	good	n/a
LPG1	ECOG	µV	0.01	200	n/a	LPG	good	n/a
LPG2	ECOG	µV	0.01	200	n/a	LPG	good	n/a
LPG3	ECOG	µV	0.01	200	n/a	LPG	good	n/a
LPG4	ECOG	µV	0.01	200	n/a	LPG	good	n/a
LPG5	ECOG	µV	0.01	200	n/a	LPG	good	n/a
LPG6	ECOG	µV	0.01	200	n/a	LPG	good	n/a
LPG7	ECOG	µV	0.01	200	n/a	LPG	good	n/a
LPG8	ECOG	µV	0.01	200	n/a	LPG	good	n/a
LPG9	ECOG	µV	0.01	200	n/a	LPG	good	n/a
LPG10	ECOG	µV	0.01	200	n/a	LPG	good	n/a
LPG11	ECOG	µV	0.01	200	n/a	LPG	good	n/a
LPG12	ECOG	µV	0.01	200	n/a	LPG	good	n/a
LPG13	ECOG	µV	0.01	200	n/a	LPG	good	n/a
LPG14	ECOG	µV	0.01	200	n/a	LPG	good	n/a
LPG15	ECOG	µV	0.01	200	n/a	LPG	good	n/a
LPG16	ECOG	µV	0.01	200	n/a	LPG	good	n/a
LPG17	ECOG	µV	0.01	200	n/a	LPG	good	n/a
LPG18	ECOG	µV	0.01	200	n/a	LPG	good	n/a
LPG19	ECOG	µV	0.01	200	n/a	LPG	good	n/a
LPG20	ECOG	µV	0.01	200	n/a	LPG	good	n/a
LPG21	ECOG	µV	0.01	200	n/a	LPG	good	n/a
LPG22	ECOG	µV	0.01	200	n/a	LPG	good	n/a
LPG23	ECOG	µV	0.01	200	n/a	LPG	good	n/a
LPG24	ECOG	µV	0.01	200	n/a	LPG	good	n/a
LPG25	ECOG	µV	0.01	200	n/a	LPG	good	n/a
LPG26	ECOG	µV	0.01	200	n/a	LPG	good	n/a
LPG27	ECOG	µV	0.01	200	n/a	LPG	good	n/a
LPG28	ECOG	µV	0.01	200	n/a	LPG	good	n/a
LPG29	ECOG	µV	0.01	200	n/a	LPG	good	n/a
LPG30	ECOG	µV	0.01	200	n/a	LPG	good	n/a
LPG31	ECOG	µV	0.01	200	n/a	LPG	good	n/a
LPG32	ECOG	µV	0.01	200	n/a	LPG	good	n/a
LPG33	ECOG	µV	0.01	200	n/a	LPG	good	n/a
LPG34	ECOG	µV	0.01	200	n/a	LPG	good	n/a
LPG35	ECOG	µV	0.01	200	n/a	LPG	good	n/a
LPG36	ECOG	µV	0.01	200	n/a	LPG	good	n/a
LPG37	ECOG	µV	0.01	200	n/a	LPG	good	n/a
LPG38	ECOG	µV	0.01	200	n/a	LPG	good	n/a
LPG39	ECOG	µV	0.01	200	n/a	LPG	good	n/a
LPG40	ECOG	µV	0.01	200	n/a	LPG	good	n/a
LPG41	ECOG	µV	0.01	200	n/a	LPG	good	n/a
LPG42	ECOG	µV	0.01	200	n/a	LPG	good	n/a
LPG43	ECOG	µV	0.01	200	n/a	LPG	good	n/a
LPG44	ECOG	µV	0.01	200	n/a	LPG	good	n/a
LPG45	ECOG	µV	0.01	200	n/a	LPG	good	n/a
LPG46	ECOG	µV	0.01	200	n/a	LPG	good	n/a
LPG47	ECOG	µV	0.01	200	n/a	LPG	good	n/a
LPG48	ECOG	µV	0.01	200	n/a	LPG	good	n/a
LPG49	ECOG	µV	0.01	200	n/a	LPG	good	n/a
LPG50	ECOG	µV	0.01	200	n/a	LPG	good	n/a
LPG51	ECOG	µV	0.01	200	n/a	LPG	good	n/a
LPG52	ECOG	µV	0.01	200	n/a	LPG	good	n/a
LPG53	ECOG	µV	0.01	200	n/a	LPG	good	n/a
LPG54	ECOG	µV	0.01	200	n/a	LPG	good	n/a
LPG55	ECOG	µV	0.01	200	n/a	LPG	good	n/a
LPG56	ECOG	µV	0.01	200	n/a	LPG	good	n/a
LPG57	ECOG	µV	0.01	200	n/a	LPG	good	n/a
LPG58	ECOG	µV	0.01	200	n/a	LPG	good	n/a
LPG59	ECOG	µV	0.01	200	n/a	LPG	good	n/a
LPG60	ECOG	µV	0.01	200	n/a	LPG	good	n/a
LPG61	ECOG	µV	0.01	200	n/a	LPG	good	n/a
LPG62	ECOG	µV	0.01	200	n/a	LPG	good	n/a
LPG63	ECOG	µV	0.01	200	n/a	LPG	good	n/a
LPG64	ECOG	µV	0.01	200	n/a	LPG	good	n/a
LTG1	ECOG	µV	0.01	200	n/a	LTG	good	n/a
LTG2	ECOG	µV	0.01	200	n/a	LTG	good	n/a
LTG3	ECOG	µV	0.01	200	n/a	LTG	good	n/a
LTG4	ECOG	µV	0.01	200	n/a	LTG	good	n/a
LTG5	ECOG	µV	0.01	200	n/a	LTG	good	n/a
LTG6	ECOG	µV	0.01	200	n/a	LTG	good	n/a
LTG7	ECOG	µV	0.01	200	n/a	LTG	good	n/a
LTG8	ECOG	µV	0.01	200	n/a	LTG	good	n/a
LTG9	ECOG	µV	0.01	200	n/a	LTG	good	n/a
LTG10	ECOG	µV	0.01	200	n/a	LTG	good	n/a
LTG11	ECOG	µV	0.01	200	n/a	LTG	good	n/a
LTG12	ECOG	µV	0.01	200	n/a	LTG	good	n/a
LTG13	ECOG	µV	0.01	200	n/a	LTG	good	n/a
LTG14	ECOG	µV	0.01	200	n/a	LTG	good	n/a
LTG15	ECOG	µV	0.01	200	n/a	LTG	good	n/a
LTG16	ECOG	µV	0.01	200	n/a	LTG	good	n/a
LTG17	ECOG	µV	0.01	200	n/a	LTG	good	n/a
LTG18	ECOG	µV	0.01	200	n/a	LTG	good	n/a
LTG19	ECOG	µV	0.01	200	n/a	LTG	good	n/a
LTG20	ECOG	µV	0.01	200	n/a	LTG	good	n/a
LTG21	ECOG	µV	0.01	200	n/a	LTG	good	n/a
LTG22	ECOG	µV	0.01	200	n/a	LTG	good	n/a
LTG23	ECOG	µV	0.01	200	n/a	LTG	good	n/a
LTG24	ECOG	µV	0.01	200	n/a	LTG	good	n/a
LTG25	ECOG	µV	0.01	200	n/a	LTG	good	n/a
LTG26	ECOG	µV	0.01	200	n/a	LTG	good	n/a
LTG27	ECOG	µV	0.01	200	n/a	LTG	good	n/a
LTG28	ECOG	µV	0.01	200	n/a	LTG	good	n/a
LTG29	ECOG	µV	0.01	200	n/a	LTG	good	n/a
LTG30	ECOG	µV	0.01	200	n/a	LTG	good	n/a
LTG31	ECOG	µV	0.01	200	n/a	LTG	good	n/a
LTG32	ECOG	µV	0.01	200	n/a	LTG	good	n/a
