name	x	y	z	size	type	group	x_acpc_f	y_acpc_f	z_acpc_f	x_mni_frv	y_mni_frv	z_mni_frv	x_fsavg_frs	y_fsavg_frs	z_fsavg_frs
RAM1	19.454363949596896	-5.277014878811315	-19.560485496651367	n/a	depth	RAM	19.454363949596896	-5.277014878811315	-19.560485496651367	21.054192232186544	-2.8266099144617307	-37.63780106428681	n/a	n/a	n/a
RAM2	24.265818201005473	-5.503051810665056	-20.7019427041523	n/a	depth	RAM	24.265818201005473	-5.503051810665056	-20.7019427041523	26.04185706621431	-3.0459057266377174	-38.78370502246048	n/a	n/a	n/a
RAM3	29.45014323294164	-6.9978954014368355	-21.470924451947198	n/a	depth	RAM	29.45014323294164	-6.9978954014368355	-21.470924451947198	31.426370270116067	-4.614242629608843	-39.14615294847587	n/a	n/a	n/a
RAM4	33.91075365245344	-7.211110944394022	-21.772984610870466	n/a	depth	RAM	33.91075365245344	-7.211110944394022	-21.772984610870466	35.98323071540808	-4.820918485568256	-39.08208845649455	n/a	n/a	n/a
RAM5	38.77687411010267	-7.443709718529135	-22.102504784241304	n/a	depth	RAM	38.77687411010267	-7.443709718529135	-22.102504784241304	40.91855633903728	-5.042124586798135	-39.00857120010839	n/a	n/a	n/a
RAM6	43.50102289766075	-8.912608235841617	-23.655963551718727	n/a	depth	RAM	43.50102289766075	-8.912608235841617	-23.655963551718727	45.787974313314066	-6.562211848504225	-40.467286770122506	n/a	n/a	n/a
RAM7	48.36714335530998	-9.14520700997673	-23.985483725089566	n/a	depth	RAM	48.36714335530998	-9.14520700997673	-23.985483725089566	50.637292075068444	-6.773648402369281	-40.393712010961224	n/a	n/a	n/a
RAM8	53.23326381295921	-9.377805784111843	-24.315003898460404	n/a	depth	RAM	53.23326381295921	-9.377805784111843	-24.315003898460404	55.438749727755365	-6.982615498374994	-40.33350118923168	n/a	n/a	n/a
RTH1	18.147646524012103	-18.965501515893266	-17.13611783739178	n/a	depth	RTH	18.147646524012103	-18.965501515893266	-17.13611783739178	19.963641625114477	-17.636015365236037	-32.19818486799836	n/a	n/a	n/a
RTH2	23.364610813558116	-19.210921678924933	-18.305035059340284	n/a	depth	RTH	23.364610813558116	-19.210921678924933	-18.305035059340284	25.424930584475103	-17.87034642503016	-33.37662599222512	n/a	n/a	n/a
RTH3	28.230731271207347	-19.443520453060046	-18.634555232711122	n/a	depth	RTH	28.230731271207347	-19.443520453060046	-18.634555232711122	30.462286053760998	-18.111272101276917	-33.361691905473535	n/a	n/a	n/a
RTH4	33.12949098646642	-18.426695799455047	-19.36401088023557	n/a	depth	RTH	33.12949098646642	-18.426695799455047	-19.36401088023557	35.48460910722103	-16.962615100526563	-34.08856829487506	n/a	n/a	n/a
RTH5	38.40112148225309	-18.678677804768085	-19.720991068053976	n/a	depth	RTH	38.40112148225309	-18.678677804768085	-19.720991068053976	40.854435274701935	-17.197366112110114	-34.05181009815403	n/a	n/a	n/a
RTH6	43.212575733661666	-18.904714736621827	-20.86244827555491	n/a	depth	RTH	43.212575733661666	-18.904714736621827	-20.86244827555491	45.73968042447011	-17.369172473502765	-35.1514581809016	n/a	n/a	n/a
RTH7	48.11133544892074	-17.887890083016828	-21.591903923079357	n/a	depth	RTH	48.11133544892074	-17.887890083016828	-21.591903923079357	50.59741389299271	-16.202649631737415	-35.84987668717974	n/a	n/a	n/a
RTH8	52.97745590656997	-18.12048885715194	-21.921424096450195	n/a	depth	RTH	52.97745590656997	-18.12048885715194	-21.921424096450195	55.38127352293554	-16.397861235230483	-35.82453779996845	n/a	n/a	n/a
RHH1	21.55492311716081	-12.873450226616114	-19.35547532374038	n/a	depth	RHH	21.55492311716081	-12.873450226616114	-19.35547532374038	23.433429782500298	-10.955300437875323	-36.039640092748776	n/a	n/a	n/a
RHH2	26.481015935540213	-11.8599064941518	-19.678962454199777	n/a	depth	RHH	26.481015935540213	-11.8599064941518	-19.678962454199777	28.48229806853308	-9.85598757555485	-36.18374393763619	n/a	n/a	n/a
RHH3	31.4018025994301	-12.099067110568285	-19.19654559344052	n/a	depth	RHH	31.4018025994301	-12.099067110568285	-19.19654559344052	33.50421753982431	-10.115179156858892	-34.97688494323522	n/a	n/a	n/a
RHH4	36.26792305707933	-12.331665884703398	-19.526065766811357	n/a	depth	RHH	36.26792305707933	-12.331665884703398	-19.526065766811357	38.47255891911982	-10.341137747264387	-34.93256117514689	n/a	n/a	n/a
RHH5	41.539553552865996	-12.583647890016437	-19.883045954629765	n/a	depth	RHH	41.539553552865996	-12.583647890016437	-19.883045954629765	43.79923378135452	-10.5768930138718	-34.88743351208042	n/a	n/a	n/a
RHH6	46.433007113635554	-12.819527585292235	-19.806597610935555	n/a	depth	RHH	46.433007113635554	-12.819527585292235	-19.806597610935555	48.66385642868407	-10.801826447442485	-34.28823804786573	n/a	n/a	n/a
RHH7	51.359099932014956	-11.805983852827922	-20.130084741394953	n/a	depth	RHH	51.359099932014956	-11.805983852827922	-20.130084741394953	53.472271563384645	-9.671575022135576	-34.437119327176006	n/a	n/a	n/a
RHH8	56.63073042780162	-12.05796585814096	-20.48706492921336	n/a	depth	RHH	56.63073042780162	-12.05796585814096	-20.48706492921336	58.617790853845186	-9.898023716327474	-34.43050416007216	n/a	n/a	n/a
ROC1	23.504045426845565	-60.500044487882406	-5.189544455613927	n/a	depth	ROC	23.504045426845565	-60.500044487882406	-5.189544455613927	25.29996881145479	-64.70786511230423	-10.132269956794763	n/a	n/a	n/a
ROC2	28.02462820708753	-59.467117524240166	-5.485571571625755	n/a	depth	ROC	28.02462820708753	-59.467117524240166	-5.485571571625755	29.902936492702413	-63.45538770195057	-10.374359400020882	n/a	n/a	n/a
ROC3	32.89074866473676	-59.69971629837528	-5.815091744996593	n/a	depth	ROC	32.89074866473676	-59.69971629837528	-5.815091744996593	34.80192282211537	-63.570379784193506	-10.543559494884274	n/a	n/a	n/a
ROC4	37.84417458623649	-58.68945348705165	-5.732610358390943	n/a	depth	ROC	37.84417458623649	-58.68945348705165	-5.732610358390943	39.72921242434724	-62.31118034655303	-10.24367134150743	n/a	n/a	n/a
ROC5	42.764961250126376	-58.928614103468135	-5.250193497631685	n/a	depth	ROC	42.764961250126376	-58.928614103468135	-5.250193497631685	44.52202776797136	-62.42464758195211	-9.320185034228825	n/a	n/a	n/a
ROC6	47.63108170777561	-59.16121287760325	-5.579713671002523	n/a	depth	ROC	47.63108170777561	-59.16121287760325	-5.579713671002523	49.2224717836357	-62.46467978100059	-9.477432470214374	n/a	n/a	n/a
ROC7	52.962684564292445	-58.16705237631686	-5.930660815909491	n/a	depth	ROC	52.962684564292445	-58.16705237631686	-5.930660815909491	54.332558322538745	-61.13761674977256	-9.720276762212118	n/a	n/a	n/a
ROC8	58.31631436944009	-58.428877145051956	-5.069735452532754	n/a	depth	ROC	58.31631436944009	-58.428877145051956	-5.069735452532754	59.320740938345466	-61.2197566348184	-8.285086165604856	n/a	n/a	n/a
LAM1	-16.910180121660233	-4.801633027382195	-14.253337619826183	n/a	depth	LAM	-16.910180121660233	-4.801633027382195	-14.253337619826183	-16.59326961261377	-2.3909571937133687	-32.08055058227088	n/a	n/a	n/a
LAM2	-21.836272940039635	-5.8151767598465085	-13.929850489366785	n/a	depth	LAM	-21.836272940039635	-5.8151767598465085	-13.929850489366785	-21.700028463379983	-3.4659882766885475	-31.586848424335532	n/a	n/a	n/a
LAM3	-27.1952088996768	-6.80605633999221	-13.984871861524866	n/a	depth	LAM	-27.1952088996768	-6.80605633999221	-13.984871861524866	-27.228308149616833	-4.517184254865871	-31.624433088907228	n/a	n/a	n/a
LAM4	-32.1213017180562	-7.819600072456524	-13.661384731065468	n/a	depth	LAM	-32.1213017180562	-7.819600072456524	-13.661384731065468	-32.33027439223436	-5.593574810417085	-31.09863673650808	n/a	n/a	n/a
LAM5	-37.44759842008352	-7.561056224862114	-14.116341577377156	n/a	depth	LAM	-37.44759842008352	-7.561056224862114	-14.116341577377156	-37.732417457164395	-5.318061308219753	-31.84906106061082	n/a	n/a	n/a
LAM6	-41.96818120032549	-8.593983188504353	-13.820314461365328	n/a	depth	LAM	-41.96818120032549	-8.593983188504353	-13.820314461365328	-42.33287712078405	-6.418691735859519	-31.358677547983763	n/a	n/a	n/a
LAM7	-46.92160712182522	-9.604245999827981	-13.902795847970978	n/a	depth	LAM	-46.92160712182522	-9.604245999827981	-13.902795847970978	-47.272727677113636	-7.497036585064287	-31.41495906351113	n/a	n/a	n/a
LAM8	-51.84239378571511	-9.365085383411497	-14.385212708730236	n/a	depth	LAM	-51.84239378571511	-9.365085383411497	-14.385212708730236	-52.066420739317266	-7.261167969201459	-32.1941637858082	n/a	n/a	n/a
LTH1	-23.90995654463768	-21.976867474615574	-9.02681778464465	n/a	depth	LTH	-23.90995654463768	-21.976867474615574	-9.02681778464465	-24.135912829584562	-21.05898387309918	-22.288050045828708	n/a	n/a	n/a
LTH2	-28.310594603419304	-20.51750942505896	-8.71872458280994	n/a	depth	LTH	-28.310594603419304	-20.51750942505896	-8.71872458280994	-28.758272096858693	-19.42732114689374	-22.197890869936657	n/a	n/a	n/a
LTH3	-33.258714370429516	-20.27506788750179	-9.607109960634247	n/a	depth	LTH	-33.258714370429516	-20.27506788750179	-9.607109960634247	-33.816471549138925	-19.08917607650345	-23.635243455627347	n/a	n/a	n/a
LTH4	-38.55237181484699	-18.76710061216727	-10.462002281099544	n/a	depth	LTH	-38.55237181484699	-18.76710061216727	-10.462002281099544	-39.18424394402918	-17.38258618569996	-25.186157721352295	n/a	n/a	n/a
LTH5	-43.01298223435879	-18.553885069210082	-10.159942122176275	n/a	depth	LTH	-43.01298223435879	-18.553885069210082	-10.159942122176275	-43.725420724486085	-17.13282613497219	-24.909389802163734	n/a	n/a	n/a
LTH6	-48.306639678776264	-17.04591779387556	-11.014834442641572	n/a	depth	LTH	-48.306639678776264	-17.04591779387556	-11.014834442641572	-48.93338683332974	-15.465675455644629	-26.43576066188743	n/a	n/a	n/a
LTH7	-52.79458320140839	-16.829421329777688	-11.118742800783352	n/a	depth	LTH	-52.79458320140839	-16.829421329777688	-11.118742800783352	-53.32719294500764	-15.22614073631463	-26.725072271989955	n/a	n/a	n/a
LTH8	-58.17554610967637	-16.564315639901906	-12.385636681225137	n/a	depth	LTH	-58.17554610967637	-16.564315639901906	-12.385636681225137	-58.44308156069788	-14.920749616952167	-28.625828201566502	n/a	n/a	n/a
LHH1	-24.3489081710577	-16.940105005633086	-13.034910769201801	n/a	depth	LHH	-24.3489081710577	-16.940105005633086	-13.034910769201801	-24.314066592424044	-15.408922046035354	-28.775577691581585	n/a	n/a	n/a
LHH2	-29.269694834947586	-16.700944389216602	-13.51732762996106	n/a	depth	LHH	-29.269694834947586	-16.700944389216602	-13.51732762996106	-29.385788474497296	-15.115889634895733	-29.596884150872427	n/a	n/a	n/a
LHH3	-34.075842931866646	-15.222203108482063	-13.181774413678781	n/a	depth	LHH	-34.075842931866646	-15.222203108482063	-13.181774413678781	-34.37934806094573	-13.509942304485051	-29.417464216347433	n/a	n/a	n/a
LHH4	-39.429472737014294	-14.960378339746967	-14.042699777055518	n/a	depth	LHH	-39.429472737014294	-14.960378339746967	-14.042699777055518	-39.77898054946504	-13.192240198993268	-30.748970271400978	n/a	n/a	n/a
LHH5	-44.295593194663525	-14.727779565611854	-13.71317960368468	n/a	depth	LHH	-44.295593194663525	-14.727779565611854	-13.71317960368468	-44.71465321129411	-12.936835917765467	-30.39972367337864	n/a	n/a	n/a
LHH6	-49.161713652312756	-14.495180791476741	-13.383659430313841	n/a	depth	LHH	-49.161713652312756	-14.495180791476741	-13.383659430313841	-49.57459088796246	-12.690102115586186	-30.065840055611353	n/a	n/a	n/a
LHH7	-54.11513957381249	-15.50544360280037	-13.466140816919491	n/a	depth	LHH	-54.11513957381249	-15.50544360280037	-13.466140816919491	-54.428780831269485	-13.764929259921312	-30.14030725899954	n/a	n/a	n/a
LHH8	-59.09589859843255	-16.51242549298331	-13.95459072059019	n/a	depth	LHH	-59.09589859843255	-16.51242549298331	-13.95459072059019	-59.221994016028674	-14.833019368147998	-30.77595230741307	n/a	n/a	n/a
LPG1	-7.148114803683928	-73.01919366011207	47.20181883230446	n/a	grid	LPG	-7.023475036025033	-74.27772567421198	48.14181336434561	-8.70149228719275	-77.69063854302206	54.83912590564819	-8.431160926818848	-75.0670394897461	51.89105224609375
LPG2	-9.542190440840953	-65.40105214370756	53.74039641174985	n/a	grid	LPG	-8.982882179319844	-66.72752551804297	56.083633547183155	-11.620547422851063	-69.34056039308463	62.34910671088748	-9.886375427246094	-72.10514831542969	55.36464309692383
LPG3	-10.766362586390928	-58.28059957727027	59.49256002958556	n/a	grid	LPG	-10.322600968182087	-59.19312537624501	61.12875408167022	-13.312239791711118	-61.57787413657603	68.91923057662098	-8.675064086914062	-53.727394104003906	70.28278350830078
LPG4	-12.250039019997688	-50.70312757916454	61.85309972599035	n/a	grid	LPG	-11.744319066405296	-51.64888247102499	64.95596906496215	-15.139592126338298	-53.51035129626023	71.58560873282211	-9.199934005737305	-50.13576126098633	71.82904052734375
LPG5	-11.251459446092136	-43.64398175868478	64.7789839969327	n/a	grid	LPG	-11.220486283302307	-44.19171295827255	67.42797842482108	-14.478054193937034	-45.93402522287046	74.96393024308065	-7.363397121429443	-41.20539093017578	75.66194152832031
LPG6	-10.424495227448737	-34.62213722191527	64.27207068329103	n/a	grid	LPG	-10.982218816876411	-34.222875201143324	69.93951388495046	-13.907876594333318	-36.31491586121075	74.43368031544907	-15.09126091003418	-31.56185531616211	75.96199035644531
LPG7	-10.709556678023777	-25.74539233689803	65.24484226047306	n/a	grid	LPG	-11.356523504279835	-25.109768447143324	70.0383661961348	-14.509208642762353	-26.767839318468827	75.3748100251927	-15.974241256713867	-20.901180267333984	75.99409484863281
LPG8	-11.06018397359705	-20.04715488038911	63.42034469441256	n/a	grid	LPG	-9.64979026466608	-15.553401754470542	70.40851803123954	-14.971529319545294	-20.59334967824902	73.17435382767692	-15.336935043334961	-18.220638275146484	73.05265045166016
LPG9	-16.85273013209588	-74.48250325569215	46.39434354299543	n/a	grid	LPG	-16.979686930775642	-75.03898510569707	46.359009565785556	-18.402140590613957	-79.32924999734118	53.38382566150401	-16.944746017456055	-79.5523910522461	45.89670944213867
LPG10	-17.90710045540903	-68.68285274487263	51.17853448388109	n/a	grid	LPG	-18.357351131737232	-70.00671274052002	52.60996956564489	-19.82290542042059	-72.96454917847757	58.91417559563426	-17.54441261291504	-69.17459869384766	56.10506057739258
LPG11	-19.72506069907539	-60.44057951681613	57.14754320315593	n/a	grid	LPG	-20.0152744948864	-61.21006778208539	58.094551674556016	-22.129262880156425	-63.99411415366518	65.71638677256962	-16.761629104614258	-52.90370559692383	67.07725524902344
LPG12	-20.892915090836652	-52.10050668830109	61.544107162685066	n/a	grid	LPG	-20.971510194242	-52.43906560144387	61.90033968631181	-23.729232964719948	-55.01800219317377	70.6756543592399	-20.229421615600586	-50.01093292236328	60.5592155456543
LPG13	-20.31617179200757	-43.26642190728378	63.24500990192671	n/a	grid	LPG	-20.793215088546276	-43.716370350914076	64.40584210352975	-23.524001961789445	-45.601662207303434	72.64149830331888	-20.227718353271484	-37.7901725769043	66.37409210205078
LPG14	-19.813786460842888	-32.84812256303691	63.57407057797776	n/a	grid	LPG	-20.171464532613754	-32.5109305549413	65.67804504092786	-23.40122537273446	-34.45610023214341	72.96152485885217	-21.162952423095703	-31.553630828857422	74.89678955078125
LPG15	-19.811546450688382	-24.541776514469632	65.02615276981162	n/a	grid	LPG	-19.669658698141575	-23.79777577216737	66.93818189250308	-23.72355362579185	-25.52143431380906	74.41748141665741	-23.92409324645996	-17.95258331298828	73.00991821289062
LPG16	-19.025830021554135	-16.593886800495426	62.780296703921444	n/a	grid	LPG	-18.70237046480179	-13.857861713971943	68.17689177254218	-23.14789375446187	-16.884990643136923	71.71721956192329	-21.746845245361328	-15.788348197937012	67.21009826660156
LPG17	-25.571990003088032	-76.1192814567292	44.41202026378352	n/a	grid	LPG	-24.99034794420004	-75.88731792964973	43.22100014379251	-27.050266940294595	-81.20310536973182	50.572590957078454	-19.606164932250977	-82.9705810546875	42.82768630981445
LPG18	-26.695548275805706	-67.90248914583688	50.199555053278075	n/a	grid	LPG	-26.57157815247774	-68.35322008351795	50.72939179511744	-28.638189578722894	-72.22317144738705	57.27065626581708	-23.530019760131836	-62.85224151611328	57.678443908691406
LPG19	-28.086323537112566	-61.675594078551946	54.617980954843404	n/a	grid	LPG	-28.047962456941605	-60.802415336016566	53.744669744279264	-30.369618213702246	-65.4250057000458	62.28347186516204	-23.685718536376953	-63.513023376464844	60.5234260559082
LPG20	-30.33320992406254	-53.68930547761774	59.34429469581643	n/a	grid	LPG	-29.086197465658188	-52.02157039195299	56.332552204839914	-33.00566355110156	-56.77608183546652	67.50593595739721	-24.91580581665039	-49.2314567565918	61.82735061645508
LPG21	-30.149728435008303	-41.9289171157695	60.18242632993947	n/a	grid	LPG	-29.253440037369728	-42.03334940364584	58.871547679416864	-33.31090668149973	-44.255765942000984	68.40287012683015	-22.644023895263672	-44.22234344482422	59.0693244934082
LPG22	-29.973338381219964	-32.50035630952662	62.01500053659295	n/a	grid	LPG	-29.50268191844225	-32.03528565191664	60.19263760279867	-33.53014423141172	-34.132371514841026	70.33109532982382	-33.527183532714844	-20.085285186767578	70.69319152832031
LPG23	-28.294511806115725	-23.10589483431771	63.70540159896134	n/a	grid	LPG	-27.784345969557762	-23.38028056267649	61.370394411031185	-32.24017552912761	-24.025203778371726	72.14435798976248	-28.916179656982422	-14.73353099822998	70.74456024169922
LPG24	-25.46321652850163	-13.717335883772284	60.682744965079905	n/a	grid	LPG	-25.68252693116665	-13.488673434592783	61.30881869653243	-29.71168674625075	-13.765764807615168	68.63821005597465	-22.54281234741211	-14.544665336608887	62.4397087097168
LPG25	-33.28575222778602	-76.46382975428529	40.30491350318118	n/a	grid	LPG	-32.61752586811781	-75.49904871475883	38.84365819906819	-34.688512907953736	-81.8109362281753	45.282909516744795	-30.75262451171875	-78.40137481689453	42.33991241455078
LPG26	-35.99945066517558	-68.92875627842167	45.09652433143535	n/a	grid	LPG	-35.57928480952978	-67.88711564824916	43.998618791345535	-37.808384465793395	-73.55050366399807	50.71855660317674	-29.048791885375977	-58.330535888671875	57.27251052856445
LPG27	-36.760340996644224	-61.14767500998322	51.77294620092864	n/a	grid	LPG	-35.236991085112095	-59.18410592456348	48.939932310953765	-38.97670748697802	-64.95877628695197	58.381503694125406	-32.5999641418457	-56.10154342651367	64.9106216430664
LPG28	-39.37958023241114	-50.19143975830551	55.85775027785863	n/a	grid	LPG	-36.62076377123594	-49.137735242722556	51.561307828873424	-42.05662399094937	-53.13819875950915	62.75241203982294	-35.23015594482422	-47.00299835205078	61.799156188964844
LPG29	-38.38054589731761	-40.96181378585649	56.42494136866933	n/a	grid	LPG	-37.33548805117607	-40.36643076641485	52.90382472379136	-41.46528462222629	-43.26937335493784	63.33705808012458	-37.187400817871094	-34.627052307128906	67.08912658691406
LPG30	-39.218567500608955	-30.90548458436907	59.99868696666943	n/a	grid	LPG	-37.15188679099083	-30.391031167004257	54.60342314979064	-42.71285501318961	-32.458046732862336	67.07019931738272	-41.31879425048828	-28.6053466796875	66.3448257446289
LPG31	-36.8968750119481	-20.704914557675657	60.47024738157364	n/a	grid	LPG	-35.43355084210634	-21.73602607776411	55.78117995802316	-40.85043579744115	-21.470625404181117	67.49915372647385	-42.00993728637695	-13.804194450378418	64.75708770751953
LPG32	-33.63559900747613	-11.257737364521706	58.200647515000504	n/a	grid	LPG	-32.690016500651836	-13.116204234072939	54.03477710345763	-37.983974364616365	-11.118859823678115	64.81717569835934	-42.233314514160156	-6.232266426086426	59.55023193359375
LPG33	-39.934612113211394	-76.12217753488092	35.68381122670039	n/a	grid	LPG	-38.184514343738556	-73.95827222801745	33.929080707952394	-41.26727179897648	-81.62631636182823	39.35014306312611	-33.912757873535156	-81.20606994628906	38.69960021972656
LPG34	-43.41733023860364	-67.87215448181284	40.46037919779453	n/a	grid	LPG	-42.011959567666054	-66.30101085687056	38.3270242949948	-45.172124948747765	-72.54237671187165	44.70279060715649	-34.25341796875	-72.69883728027344	49.01616287231445
LPG35	-46.489946887033796	-58.81611671864878	44.59913299138932	n/a	grid	LPG	-43.77921534329653	-57.49124221387319	42.187732335645734	-48.636746827350535	-62.623581638390704	49.204511633210316	-37.60582733154297	-54.12506866455078	61.85337448120117
LPG36	-47.79911754447139	-50.88242480905286	48.72834571467624	n/a	grid	LPG	-44.38460721075535	-48.73306142212823	45.15412329882386	-50.26565988119558	-53.973822821799054	53.7493904270119	-51.3943977355957	-50.786991119384766	47.87145233154297
LPG37	-47.463531850516084	-40.22719802686109	52.05474043475541	n/a	grid	LPG	-44.17367284744978	-38.76094274385832	47.259690241888194	-50.38283647220369	-42.48682759417249	57.35096714722683	-41.32666778564453	-35.755516052246094	57.98527908325195
LPG38	-48.41725047465681	-31.438835391566467	54.84000725904724	n/a	grid	LPG	-43.6718670129776	-30.047787961084396	48.51982709346342	-51.665914161309885	-33.04139048199396	60.157132222530876	-45.8201904296875	-32.57286834716797	59.37474822998047
LPG39	-44.705843562605395	-18.108863034399246	56.40505565277231	n/a	grid	LPG	-40.677028588950634	-20.2047900587786	49.621236901264666	-48.62864741382438	-18.675543278362067	61.80831025155116	-48.020896911621094	-18.7127742767334	59.677818298339844
LPG40	-42.087492887547455	-8.665867712708472	53.7480810595877	n/a	grid	LPG	-39.12269125878811	-11.530099442694336	48.36318260710689	-46.45852149481765	-8.290997158442874	58.490701301858955	-46.46887969970703	-8.941755294799805	54.020782470703125
LPG41	-46.74224586565754	-75.08564645933075	28.610663346782164	n/a	grid	LPG	-44.69918841123581	-72.36232467321679	27.039580660406514	-47.92495516558089	-80.63340541715574	30.306958090169328	-39.787837982177734	-78.36227416992188	32.222084045410156
LPG42	-51.569054502753325	-66.50208121473203	33.80164210905234	n/a	grid	LPG	-48.88739539296648	-64.69105141780095	32.129613994149636	-53.14713239112754	-71.09522588312467	36.067090091960914	-44.45828628540039	-67.59835815429688	44.356327056884766
LPG43	-53.74669928936488	-57.41295970438137	37.80845010655111	n/a	grid	LPG	-50.699399448931224	-55.87591142789461	35.32569230254741	-55.69815375033814	-61.121972397615316	40.47534928042406	-49.706932067871094	-66.01261901855469	39.81624984741211
LPG44	-54.903761702795926	-49.40201630295092	41.496698880624564	n/a	grid	LPG	-50.87194817513228	-47.14039478846826	38.67059176834303	-57.16057658948089	-52.38148489665343	44.51651616368575	-54.57627487182617	-49.185028076171875	41.18128967285156
LPG45	-56.837439769484156	-37.678786706495124	44.42849734001802	n/a	grid	LPG	-51.49936699122191	-37.12622872670181	40.42511022323745	-59.468907133485146	-39.68482239087018	47.322400363709946	-55.83277130126953	-41.08123016357422	48.92359161376953
LPG46	-56.65809804009333	-29.074696469277505	45.670983123330124	n/a	grid	LPG	-51.40307119488717	-28.393690712749958	41.71270708926025	-59.63984248720628	-30.409267255731354	48.37557482731558	-49.11029815673828	-27.17264175415039	38.66333770751953
LPG47	-54.09444440743599	-15.485377497715328	46.3035761998518	n/a	grid	LPG	-48.81374280899764	-18.531309579266235	42.841576911509065	-57.758833520757435	-15.698387661485588	48.60271127476312	-57.616180419921875	-21.41922950744629	48.48674011230469
LPG48	-50.048726426255286	-6.656447456677158	46.23426955567755	n/a	grid	LPG	-46.30641373246908	-8.659085682360455	42.75254118256274	-54.23992220904538	-6.009134796890962	48.400821605355596	-54.578094482421875	-5.237124443054199	49.006446838378906
LPG49	-51.72885108291308	-72.81603215789468	21.388843157836128	n/a	grid	LPG	-49.13164608180523	-70.86985511658713	20.82471757475288	-52.71403904329027	-78.12500191178528	20.98553829073935	-43.07933807373047	-77.10320281982422	23.79031753540039
LPG50	-56.550624632339535	-64.89201909981908	24.587969506709193	n/a	grid	LPG	-53.85211069136859	-63.163984519662336	24.059675639495268	-57.821300536102314	-69.30808192622315	24.354739270700396	-48.775508880615234	-71.16133117675781	23.122652053833008
LPG51	-59.21771208629241	-55.18529431530343	29.275211799104703	n/a	grid	LPG	-56.43038654327393	-54.315449414309114	27.97530370904134	-60.86405236938827	-58.619176248531176	29.565162934807013	-45.09375762939453	-63.68951416015625	32.517860412597656
LPG52	-60.7942880854693	-44.902956811058154	31.799549553687026	n/a	grid	LPG	-57.408649191260345	-44.288461963646114	30.56921921251343	-62.76532902101948	-47.366566608196884	32.04809057152853	-60.97553253173828	-46.16272735595703	35.59019088745117
LPG53	-61.07974925408426	-36.17684631603802	36.177913807885815	n/a	grid	LPG	-56.7428447380662	-35.5949927077163	34.265167166478946	-63.41190554090428	-37.92406316169994	36.88796801044471	-59.788795471191406	-37.77507781982422	43.222434997558594
LPG54	-61.4243069906375	-26.91374686700589	37.81398830176846	n/a	grid	LPG	-56.241038903594024	-26.881837924942374	35.52530401805417	-64.07507221330829	-27.913879699317977	38.25363629440534	-56.30329513549805	-29.666759490966797	39.92351531982422
LPG55	-58.814903358695204	-15.325889186787974	37.298911481104945	n/a	grid	LPG	-54.54472990334035	-16.970847565680742	35.49118831800298	-62.01809456213509	-15.321196112122525	37.04004306509215	-59.37064743041992	-18.03757667541504	41.62609100341797
LPG56	-55.68538189027888	-5.850663533239335	36.998221025293645	n/a	grid	LPG	-52.44291086494923	-7.079240437597036	35.429612603504225	-59.39501121178451	-4.952198859953789	36.249215763467994	-56.635772705078125	-6.594271183013916	42.39397430419922
LPG57	-55.63721342541541	-67.44910617267922	13.886046374663964	n/a	grid	LPG	-54.68802224844695	-66.82366993208416	14.29833210119979	-56.435449911963985	-72.03370285745312	11.068415266702269	-44.53831481933594	-67.47511291503906	17.24152946472168
LPG58	-59.292842815750355	-62.468193076792616	16.8368969336698	n/a	grid	LPG	-57.09006519615651	-60.47367938654496	16.55056000221522	-60.27299168347567	-66.48340346603544	14.339729225439623	-43.185150146484375	-61.37640380859375	14.922717094421387
LPG59	-62.2976333778783	-53.37703057618683	21.1807785952311	n/a	grid	LPG	-60.13382344692946	-52.85190355661325	20.487615043297424	-63.61051731904155	-56.463394769086236	19.15412781835547	-42.98227310180664	-59.38123321533203	14.31523323059082
LPG60	-62.97537235501513	-43.10444446886636	22.37434281570056	n/a	grid	LPG	-61.572262339293964	-42.798971032490954	22.297053527086987	-64.59925161689016	-45.172535122874024	19.98696166338423	-62.4271240234375	-47.18225860595703	20.937759399414062
LPG61	-62.99001008812066	-33.77169206993875	24.76447261375086	n/a	grid	LPG	-62.23232041299344	-34.03422839846462	24.45150745613502	-64.94194303182863	-35.00543069716076	22.33649165123757	-59.66460037231445	-39.54680252075195	34.719932556152344
LPG62	-62.6167088785462	-23.707429372748322	26.586798226121832	n/a	grid	LPG	-61.210365973413	-24.100876182550564	26.50215437030421	-64.90641948408918	-24.09723924781118	23.85679333308962	-65.28636169433594	-30.725284576416016	31.76708984375
LPG63	-61.78215277478581	-14.857770161815331	27.2303965842617	n/a	grid	LPG	-58.76300925761462	-15.47479479224421	26.407085598446443	-64.3679434463746	-14.517931276774194	23.962327244566342	-63.71033477783203	-16.803295135498047	26.738544464111328
LPG64	-59.086852267756306	-4.657496765478181	28.276260081753975	n/a	grid	LPG	-55.389993898570545	-5.6478991999756545	27.07506687473507	-62.18139966888676	-3.452331556555107	24.62096575997168	-63.36181640625	-8.960186004638672	32.848045349121094
LTG1	-51.18652627741453	-76.97030816723468	12.869634963822621	n/a	grid	LTG	-48.99253894388676	-74.58799251820892	13.444265109952553	-51.6493450195538	-82.60390915801186	10.44472479145719	-41.44091796875	-88.55268859863281	-5.083588123321533
LTG2	-53.785964757319036	-70.60556025338896	12.051910615258384	n/a	grid	LTG	-53.80479552596808	-68.0951529208105	10.150233844295158	-54.42308391699579	-75.52668572660707	8.990168593386608	-43.1575813293457	-86.3421401977539	-4.384366035461426
LTG3	-60.6772160659028	-62.156773825768425	12.93682149117493	n/a	grid	LTG	-59.545152373611934	-59.10139472945593	15.503447580616935	-61.4472333854136	-65.99883647123943	9.272162919255832	-46.43071746826172	-62.63817596435547	13.62317180633545
LTG4	-63.514842325799066	-49.863873245310174	14.752097383732343	n/a	grid	LTG	-63.120473869144924	-48.93842236488126	15.826312068384155	-64.64090980676767	-52.39494478985442	10.679729929017228	-51.3651237487793	-61.598060607910156	12.674430847167969
LTG5	-62.870428807706325	-36.54875295075204	14.41982742507543	n/a	grid	LTG	-64.29537439346313	-40.14117281511426	16.384351943619563	-64.35751570837806	-37.700945780686716	9.269250649941682	-66.03477478027344	-43.73979949951172	13.929484367370605
LTG6	-63.8245529740259	-33.732270203550556	18.715221425479864	n/a	grid	LTG	-63.73890235275031	-31.434579874621704	18.456425829324886	-65.49103565977686	-34.75319662693178	14.523379790842581	-65.58155059814453	-40.58958053588867	15.534887313842773
LTG7	-62.21669956582115	-23.320356984669598	20.31137205444187	n/a	grid	LTG	-61.93326094001532	-21.536713199922815	20.04618419753389	-64.2557944159475	-23.44762639948803	15.76838365234037	-60.4268913269043	-21.282167434692383	21.917224884033203
LTG8	-62.78094990557979	-13.772751885184329	21.82131427388346	n/a	grid	LTG	-60.24225809425116	-12.87842718954198	20.817972488701358	-65.01624518173867	-13.162506222156875	16.75205567424514	-65.24696350097656	-15.156743049621582	23.252185821533203
LTG9	-51.10993080176936	-75.10131315419866	1.3314271122409835	n/a	grid	LTG	-50.89239663630724	-74.447819796158	3.3774322266690575	-50.993989925426405	-80.15202608783041	-4.410855830073169	-43.67479705810547	-85.91580963134766	-9.722123146057129
LTG10	-54.331852823339865	-69.91367049567583	5.9304993903174985	n/a	grid	LTG	-55.744220606982715	-65.47284024464898	3.7766437148675323	-54.656676336078576	-74.53978379712022	1.0773467061411548	-43.13167190551758	-84.35845184326172	-6.682455539703369
LTG11	-58.72318241025205	-58.3742676944564	6.118991460313137	n/a	grid	LTG	-60.574017629027374	-57.75384596316144	5.38772771134974	-59.39080175945868	-61.650668026470804	0.4011770324233923	-51.27318572998047	-66.24546813964844	10.030824661254883
LTG12	-64.26035324678867	-48.93734844087441	4.835378088078652	n/a	grid	LTG	-64.1819783821702	-48.84029702632688	6.110527673270568	-64.96960570527554	-50.97289406327207	-2.2731217568737163	-62.08403396606445	-58.54622268676758	6.512770175933838
LTG13	-66.83367732615578	-38.91574915967408	6.033196528977155	n/a	grid	LTG	-65.2422403395176	-38.80346681224182	7.486537625547513	-67.71325504874558	-39.901165397700844	-1.7271546597148157	-65.07130432128906	-50.854339599609375	3.024785280227661
LTG14	-66.3104604534039	-32.373391162906096	10.867675575150699	n/a	grid	LTG	-64.74043450504541	-30.090312029467896	8.746674477122738	-67.5175899712753	-32.93482421448385	4.016517386898731	-67.98485565185547	-32.947669982910156	5.4324541091918945
LTG15	-63.81402639956316	-20.477673141841393	10.957385520829343	n/a	grid	LTG	-62.55661615729333	-20.208547664806247	9.903004313819125	-65.27413471333173	-19.993484545103804	3.0475767422205267	-66.32791900634766	-29.2802734375	9.5914945602417
LTG16	-63.434360957124966	-10.727586812902178	10.023797589225564	n/a	grid	LTG	-60.492742531001575	-12.81906831334345	11.04726806469263	-64.88312068910894	-9.451409530461593	0.6987269375016258	-66.24517822265625	-11.088367462158203	13.829107284545898
LTG17	-45.82301987392818	-71.68375983908885	-6.4658253154438645	n/a	grid	LTG	-49.460868559777744	-73.21985133807173	-6.497079212218509	-45.41011104250746	-76.17475670002761	-14.465182299499412	-41.290733337402344	-81.89586639404297	-17.19816017150879
LTG18	-53.32874028469198	-61.87358242492496	-2.206040225642286	n/a	grid	LTG	-55.912705734372146	-65.4233241318725	-4.776155157946036	-53.5417884402655	-65.31177716445504	-9.913788673662236	-43.93831253051758	-75.19935607910156	-12.22083568572998
LTG19	-58.476444946528865	-54.41275035871631	-5.55526470275227	n/a	grid	LTG	-60.41368587315083	-56.46116596926004	-5.216340718325213	-58.678100691198615	-56.68545335511121	-15.126388968056744	-56.236366271972656	-60.29973220825195	-14.107147216796875
LTG20	-63.96515296359072	-48.665843913701	-3.8786049680444776	n/a	grid	LTG	-63.99431352317334	-47.550897953566164	-4.087572239339337	-64.28430249504198	-50.25417081919703	-13.687162219947284	-58.75286865234375	-56.34971237182617	-11.095222473144531
LTG21	-66.59980368663629	-39.1662006463258	-4.6051220162501405	n/a	grid	LTG	-65.52005787938833	-38.74082701490261	-2.6901353155262626	-66.99931259965986	-39.66782566258131	-15.706096412688254	-58.205345153808594	-50.24556350708008	-7.504451751708984
LTG22	-68.19839397782927	-27.860740337269466	-1.89727650865504	n/a	grid	LTG	-65.33645661920309	-28.765427415492013	-0.9905368895269788	-68.71774427818944	-27.433267553963585	-13.464955320702849	-66.49089050292969	-43.78389358520508	-3.0426411628723145
LTG23	-66.76041129487619	-18.655738126280376	-1.4272136207761401	n/a	grid	LTG	-63.61812067031861	-20.110422326251864	0.18721991870553722	-67.30472319922302	-17.542900273497082	-13.901729385481977	-67.09564971923828	-20.407962799072266	-0.8663492202758789
LTG24	-65.9276823570734	-10.967249094781913	-0.0979047870282519	n/a	grid	LTG	-59.40675213187934	-10.325574117479846	1.2062496831640743	-66.50584594392419	-9.399783582666291	-13.059829081547345	-65.38154602050781	-16.29411506652832	-2.360262393951416
LTG25	-43.47294519756092	-69.66104301522313	-7.3878619971172474	n/a	grid	LTG	-45.959358371794224	-69.61650184518658	-11.597742418292896	-43.106464385207275	-73.98256145268826	-15.69397418661314	-36.68389129638672	-77.05766296386719	-16.81987762451172
LTG26	-50.450966868250745	-58.07009783118663	-7.227135573086853	n/a	grid	LTG	-52.71716583520174	-63.03658885532059	-13.536568060517297	-50.56177307883911	-60.90299871172682	-16.66135653189507	-47.96143341064453	-57.9840202331543	-11.622507095336914
LTG27	-56.11254723911011	-49.794096946050004	-15.168631580771226	n/a	grid	LTG	-58.52198155224324	-55.25914258463308	-14.306375137530253	-55.963233121444944	-51.0656984135495	-28.133239721197466	-58.53955078125	-48.741214752197266	-23.249143600463867
LTG28	-61.739603367179846	-47.40131571676277	-12.437845743703216	n/a	grid	LTG	-63.29180621355773	-46.29400579654612	-12.68925809813662	-61.70410341101331	-48.43567833082299	-24.971301171099583	-60.864715576171875	-45.902976989746094	-19.24045753479004
LTG29	-67.23124276861662	-37.864095085305415	-13.371617913045787	n/a	grid	LTG	-65.65590374916792	-37.44188747438602	-11.642869662493453	-67.16710413959218	-37.792052445160245	-27.452999043588946	-59.3957405090332	-41.53609848022461	-16.26188850402832
LTG30	-65.80147739345986	-29.214878038384146	-10.401668229065427	n/a	grid	LTG	-64.74328172206879	-27.495411573909223	-11.216096816584454	-65.98364711167424	-28.532190073384342	-24.52186271586067	-65.8582992553711	-40.15772247314453	-8.242147445678711
LTG31	-65.81759427733546	-11.268666717672925	-10.67839684582508	n/a	grid	LTG	-62.964973412454135	-17.594263978069648	-10.032306965440497	-65.73563478229023	-9.437578446947509	-27.269728347556132	-64.52657318115234	-15.955348014831543	-13.890569686889648
LTG32	-65.23249937800774	-8.856186856916118	-7.048639543820057	n/a	grid	LTG	-60.78646121919156	-8.965203962288797	-8.070073137525455	-65.3637988964204	-6.978642975988009	-22.68700356772046	-58.8419303894043	-16.223066329956055	-15.030070304870605
